Date Published,News Outlet,Title
2023-11-04T04:15:58Z,CNN,"November 3, 2023 Israel-Hamas war news"
2023-11-03T18:25:43Z,MSNBC,"As U.S. Jews and Muslims get attacked, I cling to wisdom from my Palestinian father"
2023-11-04T20:12:05Z,MSNBC,Stacey Abrams: Biden can still win Muslim voters' support in 2024
2023-11-03T04:00:27Z,CNN,"November 2, 2023 Israel-Hamas war news"
2023-11-04T16:06:48Z,CNN,Israel-Hamas war rages as outcry grows over Gaza crisis
2023-11-03T22:07:33Z,MSNBC,Big Tech whistleblowers worry their warnings aren’t being heeded
2023-11-04T17:54:42Z,MSNBC,Tommy Tuberville’s tantrum embodies the MAGA minority agenda
2023-11-03T01:21:07Z,CNN,"Palestine TV correspondent and 11 family members killed in Israeli airstrike, network says | CNN"
2023-11-04T21:38:52Z,CNN,Pro-Palestine protests in DC and across the US call for a ceasefire | CNN
2023-11-04T12:33:55Z,CNN,US campus protests: Students say how the Israel-Hamas war is impacting them
2023-11-04T02:03:43Z,CNN,‘It all feels like a nightmare.’ This mom and former Israeli tank commander is leading her tech startup from a war zone
2023-11-03T20:38:02Z,CNN,Israel admits airstrike on ambulance near hospital that witnesses say killed and wounded dozens | CNN
2023-11-04T02:45:29Z,CNN,Democratic Rep. Tlaib accuses Biden of supporting Palestinian ‘genocide’ and warns of political ramifications | CNN Politics
2023-11-03T04:01:14Z,CNN,"Blinken lands in Israel with eye toward balancing support for IDF, civilians in Gaza | CNN Politics"
2023-11-04T13:36:51Z,CNN,"Muslim Americans helped Biden win Michigan in 2020. Now, his Israel-Gaza response is throwing their support into question"
2023-11-04T18:31:25Z,CNN,Obama says people need to acknowledge complexity of Israel-Palestinian conflict to move forward | CNN Politics
2023-11-03T15:26:33Z,CNN,US surveillance drones flying over Gaza to help with hostage search | CNN Politics
2023-11-03T18:19:51Z,CNN,"Israeli ground forces closing in on Gaza City, satellite imagery and videos show | CNN"
2023-11-03T17:57:30Z,CNN,Israeli health care providers say they feel betrayed by friends and colleagues | CNN
2023-11-04T04:35:32Z,CNN,Witness to a massacre: Israeli festival survivor returns to site of Hamas festival rampage | CNN
2023-11-04T18:00:20Z,CNN,Nikki Haley-Ron DeSantis feud will play out in real time on next week’s debate stage
2023-11-04T22:46:06Z,CNN,Arab Muslim student struck in hit-and-run as Stanford University investigates spate of hate crime incidents | CNN
2023-11-03T11:45:48Z,CNN,"5 things to know for Nov. 3: Israel, Crypto, Trump family, Banned chemicals, Holiday shopping | CNN"
2023-11-03T00:01:32Z,CNN,Elon Musk and Britain’s PM Rishi Sunak discuss AI’s risks and rewards | CNN Business
2023-11-03T20:22:00Z,CNN,White House says money for Ukraine military aid is running out with Congress divided on whether to provide more
2023-11-04T10:00:25Z,CNN,Trump’s efforts to overshadow DeSantis in Florida take center stage | CNN Politics
2023-11-04T04:15:58Z,CNN,"November 3, 2023 Israel-Hamas war news"
2023-11-05T04:11:53Z,CNN,Israel-Hamas war rages as outcry grows over Gaza crisis
2023-11-04T20:12:05Z,MSNBC,Stacey Abrams: Biden can still win Muslim voters' support in 2024
2023-11-05T11:00:00Z,MSNBC,Benjamin Netanyahu is facing a political crisis at home
2023-11-04T16:06:48Z,CNN,Israel-Hamas war rages as outcry grows over Gaza crisis
2023-11-05T11:00:00Z,MSNBC,DeSantis sounds de-FEET-ed in his pushback to #Bootgate
2023-11-04T17:54:42Z,MSNBC,Tommy Tuberville’s tantrum embodies the MAGA minority agenda
2023-11-04T21:38:52Z,CNN,Pro-Palestine protests in DC and across the US call for a ceasefire | CNN
2023-11-05T05:12:26Z,CNN,‘The reaction is extreme’: Palestinians fear arrest if they voice sympathy for Gaza civilians | CNN
2023-11-04T12:33:55Z,CNN,US campus protests: Students say how the Israel-Hamas war is impacting them
2023-11-04T02:03:43Z,CNN,‘It all feels like a nightmare.’ This mom and former Israeli tank commander is leading her tech startup from a war zone
2023-11-04T02:45:29Z,CNN,Democratic Rep. Tlaib accuses Biden of supporting Palestinian ‘genocide’ and warns of political ramifications | CNN Politics
2023-11-04T13:36:51Z,CNN,"Muslim Americans helped Biden win Michigan in 2020. Now, his Israel-Gaza response is throwing their support into question"
2023-11-04T18:31:25Z,CNN,Obama says people need to acknowledge complexity of Israel-Palestinian conflict to move forward | CNN Politics
2023-11-05T11:00:15Z,CNN,Biden aides grapple with 2024 outreach as Israel-Hamas war exposes cracks in coalition | CNN Politics
2023-11-04T04:35:32Z,CNN,Witness to a massacre: Israeli festival survivor returns to site of Hamas festival rampage | CNN
2023-11-05T16:01:57Z,CNN,Blast at Al-Maghazi refugee camp in central Gaza kills dozens | CNN
2023-11-04T18:00:20Z,CNN,Nikki Haley-Ron DeSantis feud will play out in real time on next week’s debate stage
2023-11-04T22:46:06Z,CNN,Arab Muslim student struck in hit-and-run as Stanford University investigates spate of hate crime incidents | CNN
2023-11-05T10:43:58Z,CNN,"In Gaza, being a mother is a matter of life and death | CNN"
2023-11-05T18:38:15Z,CNN,Blinken makes unannounced visit to Iraq | CNN Politics
2023-11-05T13:53:58Z,CNN,"Start your week smart: Blinken meeting, Trump trial gag order, Nepal earthquake, January 6 sentence, Washington Post CEO | CNN"
2023-11-05T18:49:45Z,CNN,"Muslim student struck in Stanford hit-and-run calls for love, compassion, from hospital bed | CNN"
2023-11-04T10:00:25Z,CNN,Trump’s efforts to overshadow DeSantis in Florida take center stage | CNN Politics
2023-11-05T04:11:53Z,CNN,Israel-Hamas war rages as outcry grows over Gaza crisis
2023-11-06T17:56:19Z,MSNBC,Biden risks re-election by alienating Arab and Muslim voters
2023-11-05T11:00:00Z,MSNBC,Benjamin Netanyahu is facing a political crisis at home
2023-11-06T23:15:18Z,MSNBC,Obama speaks out against ‘TikTok activism’ amid Israel-Hamas war
2023-11-06T05:00:17Z,CNN,Israel-Hamas war rages as outcry grows over Gaza crisis
2023-11-06T15:49:08Z,MSNBC,Republicans take ugly new steps to drive away Muslim voters
2023-11-05T11:00:00Z,MSNBC,DeSantis sounds de-FEET-ed in his pushback to #Bootgate
2023-11-05T05:12:26Z,CNN,‘The reaction is extreme’: Palestinians fear arrest if they voice sympathy for Gaza civilians | CNN
2023-11-06T06:23:48Z,CNN,Queen Rania of Jordan says being pro-Palestinian does not equal being ‘antisemitic’ | CNN
2023-11-06T16:15:12Z,CNN,"Gaza: More than 10,000 people killed in enclave, Hamas-controlled health ministry says, as condemnation of Israeli campaign grows"
2023-11-05T11:00:15Z,CNN,Biden aides grapple with 2024 outreach as Israel-Hamas war exposes cracks in coalition | CNN Politics
2023-11-06T20:50:26Z,CNN,"Gaza workers expelled from Israel accuse Israeli authorities of abuse, including beatings | CNN"
2023-11-05T16:01:57Z,CNN,Blast at Al-Maghazi refugee camp in central Gaza kills dozens | CNN
2023-11-06T03:20:18Z,CNN,"Harvard could face funding consequences if it fails to tackle antisemitism, says Bill Ackman in letter"
2023-11-05T10:43:58Z,CNN,"In Gaza, being a mother is a matter of life and death | CNN"
2023-11-06T01:19:34Z,CNN,"US says Ohio-class submarine has arrived in Middle East, a message of deterrence amid Israel-Hamas war"
2023-11-05T18:38:15Z,CNN,Blinken makes unannounced visit to Iraq | CNN Politics
2023-11-06T23:36:50Z,CNN,8 more attacks on US forces in Iraq and Syria as Iranian-backed militias ramp up their attacks | CNN Politics
2023-11-06T15:45:31Z,CNN,"With threats on the rise, many American Jews are buying guns, seeking training | CNN"
2023-11-05T13:53:58Z,CNN,"Start your week smart: Blinken meeting, Trump trial gag order, Nepal earthquake, January 6 sentence, Washington Post CEO | CNN"
2023-11-05T18:49:45Z,CNN,"Muslim student struck in Stanford hit-and-run calls for love, compassion, from hospital bed | CNN"
2023-11-06T05:17:30Z,CNN,Trump heads to the witness stand as new polls show him leaping past Biden in key swing states
2023-11-06T17:56:19Z,MSNBC,Biden risks re-election by alienating Arab and Muslim voters
2023-11-06T23:15:18Z,MSNBC,Obama speaks out against ‘TikTok activism’ amid Israel-Hamas war
2023-11-07T05:02:23Z,CNN,Israel-Hamas war rages as outcry grows over Gaza crisis
2023-11-07T23:29:28Z,MSNBC,What is Hamas' hostage endgame?
2023-11-06T05:00:17Z,CNN,Israel-Hamas war rages as outcry grows over Gaza crisis
2023-11-06T15:49:08Z,MSNBC,Republicans take ugly new steps to drive away Muslim voters
2023-11-07T18:30:15Z,CNN,"Yellen to defend IRS in Tuesday speech, say Republican-proposed cuts would be ‘damaging’"
2023-11-07T14:20:20Z,MSNBC,Republicans unveil a new demand in exchange for Ukraine aid
2023-11-07T10:45:15Z,CNN,Civilian death toll: Israeli and Palestinian fatalities continue to rise amid the war with Hamas
2023-11-07T05:01:17Z,CNN,The world is turning against Israel’s war in Gaza – and many Israelis don’t understand why | CNN
2023-11-07T10:45:43Z,CNN,"Westlake Village, California: Officials investigating death of Paul Kessler after injury during pro-Israeli and pro-Palestinian demonstrations"
2023-11-07T17:23:14Z,CNN,Tlaib again faces censure resolutions over Israel comments | CNN Politics
2023-11-07T11:33:45Z,CNN,"Opinion: Israel’s military actions in Gaza match what the US did to ISIS. Urban warfare is hell, but not illegal"
2023-11-06T06:23:48Z,CNN,Queen Rania of Jordan says being pro-Palestinian does not equal being ‘antisemitic’ | CNN
2023-11-06T16:15:12Z,CNN,"Gaza: More than 10,000 people killed in enclave, Hamas-controlled health ministry says, as condemnation of Israeli campaign grows"
2023-11-06T20:50:26Z,CNN,"Gaza workers expelled from Israel accuse Israeli authorities of abuse, including beatings | CNN"
2023-11-07T11:48:52Z,CNN,"5 things to know for Nov. 7: Trump trial, Israel, Presidential debate, Actors strike, Ukraine | CNN"
2023-11-06T03:20:18Z,CNN,"Harvard could face funding consequences if it fails to tackle antisemitism, says Bill Ackman in letter"
2023-11-07T01:17:48Z,CNN,"UPenn alerted FBI to antisemitic threats on campus, school’s president says | CNN Business"
2023-11-06T01:19:34Z,CNN,"US says Ohio-class submarine has arrived in Middle East, a message of deterrence amid Israel-Hamas war"
2023-11-07T19:07:16Z,CNN,More than 20 members of Congress send letter to UPenn over alleged failure to address antisemitism on campus
2023-11-06T23:36:50Z,CNN,8 more attacks on US forces in Iraq and Syria as Iranian-backed militias ramp up their attacks | CNN Politics
2023-11-06T15:45:31Z,CNN,"With threats on the rise, many American Jews are buying guns, seeking training | CNN"
2023-11-06T05:17:30Z,CNN,Trump heads to the witness stand as new polls show him leaping past Biden in key swing states
2023-11-07T05:02:23Z,CNN,Israel-Hamas war rages as outcry grows over Gaza crisis
2023-11-08T05:00:22Z,CNN,Israel-Hamas war rages as outcry grows over Gaza crisis
2023-11-07T23:29:28Z,MSNBC,What is Hamas' hostage endgame?
2023-11-08T11:00:00Z,MSNBC,5 essential things to know about the GOP debate
2023-11-07T18:30:15Z,CNN,"Yellen to defend IRS in Tuesday speech, say Republican-proposed cuts would be ‘damaging’"
2023-11-08T14:55:18Z,CNN,The latest on the 2024 campaign and GOP debate
2023-11-07T14:20:20Z,MSNBC,Republicans unveil a new demand in exchange for Ukraine aid
2023-11-07T10:45:15Z,CNN,Civilian death toll: Israeli and Palestinian fatalities continue to rise amid the war with Hamas
2023-11-07T05:01:17Z,CNN,The world is turning against Israel’s war in Gaza – and many Israelis don’t understand why | CNN
2023-11-07T10:45:43Z,CNN,"Westlake Village, California: Officials investigating death of Paul Kessler after injury during pro-Israeli and pro-Palestinian demonstrations"
2023-11-07T17:23:14Z,CNN,Tlaib again faces censure resolutions over Israel comments | CNN Politics
2023-11-07T11:33:45Z,CNN,"Opinion: Israel’s military actions in Gaza match what the US did to ISIS. Urban warfare is hell, but not illegal"
2023-11-08T13:44:51Z,CNN,"5 things to know for Nov. 8: Elections, Israel, G7 meeting, Network outage, Housing market | CNN"
2023-11-08T17:36:46Z,CNN,Emotions are running high at the White House as some aides’ frustration with Israel is growing | CNN Politics
2023-11-07T11:48:52Z,CNN,"5 things to know for Nov. 7: Trump trial, Israel, Presidential debate, Actors strike, Ukraine | CNN"
2023-11-07T01:17:48Z,CNN,"UPenn alerted FBI to antisemitic threats on campus, school’s president says | CNN Business"
2023-11-07T19:07:16Z,CNN,More than 20 members of Congress send letter to UPenn over alleged failure to address antisemitism on campus
2023-11-08T22:55:16Z,CNN,US carries out airstrikes in eastern Syria targeting IRGC and Iranian-backed groups weapons storage facility | CNN Politics
2023-11-08T20:22:01Z,CNN,Samantha Woll: Suspect arrested in killing of Detroit synagogue leader
2023-11-08T05:00:22Z,CNN,Israel-Hamas war rages as outcry grows over Gaza crisis
2023-11-09T05:00:17Z,CNN,Israel-Hamas war rages as outcry grows over Gaza crisis
2023-11-09T11:00:00Z,MSNBC,There's a disgusting reason neo-Nazi groups are popping up at pro-Palestinian rallies
2023-11-08T11:00:00Z,MSNBC,5 essential things to know about the GOP debate
2023-11-09T18:42:31Z,MSNBC,"Years ago, Netanyahu made a major mistake. The world is still paying the price."
2023-11-09T03:10:21Z,MSNBC,Highlights and analysis from the third GOP debate
2023-11-08T14:55:18Z,CNN,The latest on the 2024 campaign and GOP debate
2023-11-09T22:43:26Z,CNN,Today's news in 10 minutes
2023-11-09T15:44:44Z,MSNBC,Speaker Johnson’s newest challenge: trying to prevent a shutdown
2023-11-09T07:48:22Z,CNN,UN rights chief Volker Turk says both Israel and Hamas have committed war crimes
2023-11-09T16:00:46Z,CNN,"Israel will begin 4-hour pauses each day, White House says | CNN Politics"
2023-11-09T13:32:44Z,CNN,"CAIR received an ‘unprecedented’ 1,283 reports of anti-Arab and Islamophobic bias in the last month, new data shows | CNN"
2023-11-08T13:44:51Z,CNN,"5 things to know for Nov. 8: Elections, Israel, G7 meeting, Network outage, Housing market | CNN"
2023-11-08T17:36:46Z,CNN,Emotions are running high at the White House as some aides’ frustration with Israel is growing | CNN Politics
2023-11-09T21:28:20Z,CNN,Chris Christie to visit Israel this weekend: CNN Exclusive
2023-11-09T14:50:11Z,CNN,Hunter Biden files defamation lawsuit against former Overstock CEO | CNN Politics
2023-11-08T22:55:16Z,CNN,US carries out airstrikes in eastern Syria targeting IRGC and Iranian-backed groups weapons storage facility | CNN Politics
2023-11-08T20:22:01Z,CNN,Samantha Woll: Suspect arrested in killing of Detroit synagogue leader
2023-11-09T02:41:52Z,CNN,Takeaways from the third Republican presidential debate | CNN Politics
2023-11-09T20:50:05Z,CNN,Scientists create chimeric monkey with two sets of DNA | CNN
2023-11-10T23:05:19Z,MSNBC,Why the phrase ‘Israel doesn’t target civilians’ is a dangerous red herring
2023-11-10T05:01:21Z,CNN,Israel-Hamas war rages as outcry grows over Gaza crisis
2023-11-10T22:50:20Z,MSNBC,DeSantis said he 'deactivated' a Palestinian student group in Florida. Not quite.
2023-11-09T05:00:17Z,CNN,Israel-Hamas war rages as outcry grows over Gaza crisis
2023-11-09T11:00:00Z,MSNBC,There's a disgusting reason neo-Nazi groups are popping up at pro-Palestinian rallies
2023-11-09T18:42:31Z,MSNBC,"Years ago, Netanyahu made a major mistake. The world is still paying the price."
2023-11-09T03:10:21Z,MSNBC,Highlights and analysis from the third GOP debate
2023-11-09T22:43:26Z,CNN,Today's news in 10 minutes
2023-11-10T20:26:02Z,MSNBC,Trump tries to sell his dictatorial agenda to Latino voters
2023-11-09T15:44:44Z,MSNBC,Speaker Johnson’s newest challenge: trying to prevent a shutdown
2023-11-09T07:48:22Z,CNN,UN rights chief Volker Turk says both Israel and Hamas have committed war crimes
2023-11-09T16:00:46Z,CNN,"Israel will begin 4-hour pauses each day, White House says | CNN Politics"
2023-11-10T19:10:11Z,CNN,Blinken brings a notable shift in US language toward Israel as pressure mounts at home and abroad | CNN Politics
2023-11-10T22:51:26Z,CNN,Hostage negotiators discussing days-long fighting pause between Israel and Hamas in exchange for freeing large group | CNN Politics
2023-11-09T13:32:44Z,CNN,"CAIR received an ‘unprecedented’ 1,283 reports of anti-Arab and Islamophobic bias in the last month, new data shows | CNN"
2023-11-10T03:13:47Z,CNN,Biden administration privately warned by American diplomats of growing fury against US in Arab world | CNN Politics
2023-11-10T01:00:58Z,CNN,Israel is stepping up its campaign on Gaza City. Here’s what we know about the fighting | CNN
2023-11-10T11:26:45Z,CNN,"Blinken denounces civilian toll in Gaza, says ‘far too many Palestinians have been killed’ | CNN Politics"
2023-11-09T21:28:20Z,CNN,Chris Christie to visit Israel this weekend: CNN Exclusive
2023-11-10T02:41:18Z,CNN,"14 killed in West Bank city of Jenin after Israeli incursion, Palestinian health ministry says | CNN"
2023-11-10T21:48:04Z,CNN,Civil rights complaints allege UPenn and Wellesley allowed antisemitism to ‘run rampant’ | CNN Business
2023-11-10T11:40:25Z,CNN,"5 things to know for Nov. 10: Israel, Senate, Suspicious letters, Mortgage rates, School vaccines | CNN"
2023-11-09T14:50:11Z,CNN,Hunter Biden files defamation lawsuit against former Overstock CEO | CNN Politics
2023-11-10T13:00:02Z,CNN,Biden and Xi meeting set for next week as US hopes to halt downward spiral in relations | CNN Politics
2023-11-09T02:41:52Z,CNN,Takeaways from the third Republican presidential debate | CNN Politics
2023-11-09T20:50:05Z,CNN,Scientists create chimeric monkey with two sets of DNA | CNN
2023-11-10T23:05:19Z,MSNBC,Why the phrase ‘Israel doesn’t target civilians’ is a dangerous red herring
2023-11-10T05:01:21Z,CNN,Israel-Hamas war rages as outcry grows over Gaza crisis
2023-11-11T05:09:26Z,CNN,Israel-Hamas war rages as outcry grows over Gaza crisis
2023-11-10T22:50:20Z,MSNBC,DeSantis said he 'deactivated' a Palestinian student group in Florida. Not quite.
2023-11-10T20:26:02Z,MSNBC,Trump tries to sell his dictatorial agenda to Latino voters
2023-11-11T13:29:10Z,CNN,Iran leader visits Saudi Arabia for first time in years for summit on Israel-Hamas war | CNN
2023-11-11T22:08:17Z,CNN,Gaza doctors say hospitals are failing. US medical groups are scrambling to help
2023-11-10T19:10:11Z,CNN,Blinken brings a notable shift in US language toward Israel as pressure mounts at home and abroad | CNN Politics
2023-11-11T05:05:03Z,CNN,West Bank Palestinians face increasing restrictions and settler violence as Gaza war escalates | CNN
2023-11-10T22:51:26Z,CNN,Hostage negotiators discussing days-long fighting pause between Israel and Hamas in exchange for freeing large group | CNN Politics
2023-11-10T03:13:47Z,CNN,Biden administration privately warned by American diplomats of growing fury against US in Arab world | CNN Politics
2023-11-10T01:00:58Z,CNN,Israel is stepping up its campaign on Gaza City. Here’s what we know about the fighting | CNN
2023-11-10T11:26:45Z,CNN,"Blinken denounces civilian toll in Gaza, says ‘far too many Palestinians have been killed’ | CNN Politics"
2023-11-10T02:41:18Z,CNN,"14 killed in West Bank city of Jenin after Israeli incursion, Palestinian health ministry says | CNN"
2023-11-11T20:47:22Z,CNN,"Three babies die as Israel besieges Gaza’s largest hospital, health officials say | CNN"
2023-11-10T21:48:04Z,CNN,Civil rights complaints allege UPenn and Wellesley allowed antisemitism to ‘run rampant’ | CNN Business
2023-11-11T14:05:53Z,CNN,Far-right protesters disrupt two minutes silence for Armistice Day in London | CNN
2023-11-10T11:40:25Z,CNN,"5 things to know for Nov. 10: Israel, Senate, Suspicious letters, Mortgage rates, School vaccines | CNN"
2023-11-10T13:00:02Z,CNN,Biden and Xi meeting set for next week as US hopes to halt downward spiral in relations | CNN Politics
2023-11-11T07:18:08Z,CNN,Harvard alumni group threatens to withdraw donations over antisemitism concerns
2023-11-11T20:50:40Z,CNN,House Speaker Mike Johnson pitches | CNN Politics
2023-11-11T18:01:44Z,CNN,The wildest moments of WeWork’s rise | CNN Business
2023-11-12T11:00:00Z,MSNBC,Peace is possible in Israel. But not until Hamas is defeated.
2023-11-11T05:09:26Z,CNN,Israel-Hamas war rages as outcry grows over Gaza crisis
2023-11-12T05:06:15Z,CNN,Israel-Hamas war rages as outcry grows over Gaza crisis
2023-11-11T13:29:10Z,CNN,Iran leader visits Saudi Arabia for first time in years for summit on Israel-Hamas war | CNN
2023-11-11T22:08:17Z,CNN,Gaza doctors say hospitals are failing. US medical groups are scrambling to help
2023-11-11T05:05:03Z,CNN,West Bank Palestinians face increasing restrictions and settler violence as Gaza war escalates | CNN
2023-11-11T20:47:22Z,CNN,"Three babies die as Israel besieges Gaza’s largest hospital, health officials say | CNN"
2023-11-11T14:05:53Z,CNN,Far-right protesters disrupt two minutes silence for Armistice Day in London | CNN
2023-11-12T14:47:49Z,CNN,"Start your week smart: Gaza hospital crisis, government shutdown, NYC mayor, Iceland emergency, Veterans Day | CNN"
2023-11-12T17:33:29Z,CNN,Five US service members killed in aircraft training accident in eastern Mediterranean Sea | CNN Politics
2023-11-11T07:18:08Z,CNN,Harvard alumni group threatens to withdraw donations over antisemitism concerns
2023-11-11T20:50:40Z,CNN,House Speaker Mike Johnson pitches | CNN Politics
2023-11-11T18:01:44Z,CNN,The wildest moments of WeWork’s rise | CNN Business
2023-11-12T11:00:00Z,MSNBC,Peace is possible in Israel. But not until Hamas is defeated.
2023-11-12T05:06:15Z,CNN,Israel-Hamas war rages as outcry grows over Gaza crisis
2023-11-13T05:10:44Z,CNN,Israel-Hamas war rages as outcry grows over Gaza crisis
2023-11-13T11:00:00Z,MSNBC,Why the new hot move in the House is calling out your coworkers
2023-11-13T13:46:50Z,MSNBC,"As the Republicans’ field narrows, Tim Scott exits 2024 race"
2023-11-13T23:05:40Z,CNN,Opinion: Republicans only care about the debt when a Democrat is president
2023-11-13T17:13:41Z,CNN,2023 In Review Fast Facts
2023-11-13T17:17:06Z,CNN,"Biden discussed hostage negotiations with Qatar, including 3-year-old American | CNN Politics"
2023-11-13T22:31:04Z,CNN,Blinken acknowledges disagreements within State Department on Israel-Hamas war in email to staff | CNN Politics
2023-11-13T07:18:13Z,CNN,"Newborns taken off incubators wrapped in foil to keep them alive at Gaza’s largest hospital, director says | CNN"
2023-11-13T13:05:36Z,CNN,"5 things to know for Nov. 13: Israel, Presidential race, Government shutdown, Freeway fire, Iceland earthquakes"
2023-11-13T17:49:53Z,CNN,"Hamas has command center under Al-Shifa hospital, US official says | CNN Politics"
2023-11-12T14:47:49Z,CNN,"Start your week smart: Gaza hospital crisis, government shutdown, NYC mayor, Iceland emergency, Veterans Day | CNN"
2023-11-12T17:33:29Z,CNN,Five US service members killed in aircraft training accident in eastern Mediterranean Sea | CNN Politics
2023-11-13T00:24:50Z,CNN,"US conducts more strikes in eastern Syria, defense secretary says | CNN Politics"
2023-11-13T05:00:03Z,CNN,Government shutdown looms as new speaker struggles to control hardliners | CNN Politics
2023-11-13T14:26:39Z,CNN,Premarket stocks: Why the American Whiskey industry is freaking out
2023-11-14T05:10:57Z,CNN,Israel-Hamas war rages as outcry grows over Gaza crisis
2023-11-13T05:10:44Z,CNN,Israel-Hamas war rages as outcry grows over Gaza crisis
2023-11-13T11:00:00Z,MSNBC,Why the new hot move in the House is calling out your coworkers
2023-11-14T23:05:48Z,CNN,How antisemitic hate groups are using artificial intelligence in the wake of Hamas attacks
2023-11-14T23:12:28Z,CNN,Today's news in 10 minutes
2023-11-13T13:46:50Z,MSNBC,"As the Republicans’ field narrows, Tim Scott exits 2024 race"
2023-11-14T20:00:02Z,CNN,Wooing business leaders and avoiding conflict: What’s on Xi’s agenda as the Chinese leader heads to California
2023-11-13T23:05:40Z,CNN,Opinion: Republicans only care about the debt when a Democrat is president
2023-11-14T11:00:00Z,MSNBC,Mike Johnson’s one weird trick to keep the government open
2023-11-13T17:13:41Z,CNN,2023 In Review Fast Facts
2023-11-14T23:01:59Z,CNN,"Found document suggests Iran sought to help Hamas make its own weapons ahead of attack, sources say | CNN Politics"
2023-11-14T22:00:35Z,CNN,"Law firms accused of fueling Islamophobia, chilling free speech | CNN Business"
2023-11-13T17:17:06Z,CNN,"Biden discussed hostage negotiations with Qatar, including 3-year-old American | CNN Politics"
2023-11-14T11:45:14Z,CNN,Israel shows alleged Hamas ‘armory’ under children’s hospital in Gaza. Local health officials dismiss the claims | CNN
2023-11-13T22:31:04Z,CNN,Blinken acknowledges disagreements within State Department on Israel-Hamas war in email to staff | CNN Politics
2023-11-14T14:44:31Z,CNN,March for Israel: Demonstrators from across the US rally with ramped up security for the unprecedented event
2023-11-13T07:18:13Z,CNN,"Newborns taken off incubators wrapped in foil to keep them alive at Gaza’s largest hospital, director says | CNN"
2023-11-14T13:00:24Z,CNN,"5 things to know for Nov. 14: Israel, Supreme Court, Immigration, Climate crisis, Applesauce recall | CNN"
2023-11-13T13:05:36Z,CNN,"5 things to know for Nov. 13: Israel, Presidential race, Government shutdown, Freeway fire, Iceland earthquakes"
2023-11-13T17:49:53Z,CNN,"Hamas has command center under Al-Shifa hospital, US official says | CNN Politics"
2023-11-13T00:24:50Z,CNN,"US conducts more strikes in eastern Syria, defense secretary says | CNN Politics"
2023-11-13T05:00:03Z,CNN,Government shutdown looms as new speaker struggles to control hardliners | CNN Politics
2023-11-13T14:26:39Z,CNN,Premarket stocks: Why the American Whiskey industry is freaking out
2023-11-14T05:00:02Z,CNN,Trump’s extreme rhetoric conjures the prospect of a presidency like no other
2023-11-15T05:02:57Z,CNN,Israel-Hamas war rages as outcry grows over Gaza crisis
2023-11-14T05:10:57Z,CNN,Israel-Hamas war rages as outcry grows over Gaza crisis
2023-11-15T17:28:21Z,MSNBC,Why televangelist John Hagee was a shocking March for Israel speaker
2023-11-15T21:00:19Z,CNN,Bodycam shows early moments of Hamas massacre...
2023-11-14T23:05:48Z,CNN,How antisemitic hate groups are using artificial intelligence in the wake of Hamas attacks
2023-11-14T23:12:28Z,CNN,Today's news in 10 minutes
2023-11-15T16:55:00Z,CNN,Biden to meet with China's President Xi
2023-11-14T20:00:02Z,CNN,Wooing business leaders and avoiding conflict: What’s on Xi’s agenda as the Chinese leader heads to California
2023-11-15T21:52:05Z,CNN,GOP funding bill moves to Senate as shutdown deadline approaches
2023-11-14T11:00:00Z,MSNBC,Mike Johnson’s one weird trick to keep the government open
2023-11-15T14:04:29Z,CNN,Father of injured American teen in Gaza calls on Biden to do more to protect US citizens | CNN
2023-11-14T23:01:59Z,CNN,"Found document suggests Iran sought to help Hamas make its own weapons ahead of attack, sources say | CNN Politics"
2023-11-15T00:24:08Z,CNN,Israel says it is carrying out ‘precise and targeted operation’ in Gaza’s Al-Shifa Hospital
2023-11-14T22:00:35Z,CNN,"Law firms accused of fueling Islamophobia, chilling free speech | CNN Business"
2023-11-14T11:45:14Z,CNN,Israel shows alleged Hamas ‘armory’ under children’s hospital in Gaza. Local health officials dismiss the claims | CNN
2023-11-15T21:01:01Z,CNN,UN Security Council adopts resolution calling for urgent ‘humanitarian pauses and corridors’ in Gaza | CNN
2023-11-14T14:44:31Z,CNN,March for Israel: Demonstrators from across the US rally with ramped up security for the unprecedented event
2023-11-14T13:00:24Z,CNN,"5 things to know for Nov. 14: Israel, Supreme Court, Immigration, Climate crisis, Applesauce recall | CNN"
2023-11-15T11:38:44Z,CNN,"5 things to know for Nov. 15: DC march, Israel, Government shutdown, Ohio bus crash, Wall Street | CNN"
2023-11-15T20:03:24Z,CNN,US warship shoots down drone believed to have been launched from Yemen | CNN Politics
2023-11-15T11:00:03Z,CNN,Biden faces a warning sign from younger voters critical to his coalition | CNN Politics
2023-11-15T21:55:09Z,CNN,Meta is now allowing lies about the 2020 election in political ads | CNN Business
2023-11-14T05:00:02Z,CNN,Trump’s extreme rhetoric conjures the prospect of a presidency like no other
2023-11-15T05:02:57Z,CNN,Israel-Hamas war rages as outcry grows over Gaza crisis
2023-11-16T05:02:38Z,CNN,Israel-Hamas war rages as outcry grows over Gaza crisis
2023-11-16T00:04:10Z,MSNBC,Biden is facing a massive wave of internal dissent over Israel policy
2023-11-15T17:28:21Z,MSNBC,Why televangelist John Hagee was a shocking March for Israel speaker
2023-11-15T21:00:19Z,CNN,Bodycam shows early moments of Hamas massacre...
2023-11-16T20:17:34Z,CNN,Oil tumbles nearly 6% to four-month lows
2023-11-15T16:55:00Z,CNN,Biden to meet with China's President Xi
2023-11-15T21:52:05Z,CNN,GOP funding bill moves to Senate as shutdown deadline approaches
2023-11-15T14:04:29Z,CNN,Father of injured American teen in Gaza calls on Biden to do more to protect US citizens | CNN
2023-11-15T00:24:08Z,CNN,Israel says it is carrying out ‘precise and targeted operation’ in Gaza’s Al-Shifa Hospital
2023-11-16T15:58:40Z,CNN,Arrest made in death of Jewish protester who fell and hit his head | CNN
2023-11-15T21:01:01Z,CNN,UN Security Council adopts resolution calling for urgent ‘humanitarian pauses and corridors’ in Gaza | CNN
2023-11-16T04:26:39Z,CNN,Top House Democrats evacuated from DNC headquarters as police clash with protesters calling for Gaza ceasefire | CNN Politics
2023-11-15T11:38:44Z,CNN,"5 things to know for Nov. 15: DC march, Israel, Government shutdown, Ohio bus crash, Wall Street | CNN"
2023-11-16T13:31:42Z,CNN,"5 things to know for Nov. 16: Biden-Xi, Israel, Government shutdown, Immigration, SpaceX | CNN"
2023-11-16T23:26:30Z,CNN,Top Israeli official warns US schools will pay a ‘heavy price’ if they don’t fight antisemitism | CNN Business
2023-11-15T20:03:24Z,CNN,US warship shoots down drone believed to have been launched from Yemen | CNN Politics
2023-11-16T18:29:44Z,CNN,Some young Americans on TikTok say they sympathize with Osama bin Laden | CNN Business
2023-11-15T11:00:03Z,CNN,Biden faces a warning sign from younger voters critical to his coalition | CNN Politics
2023-11-16T17:01:30Z,CNN,"CNN Poll: Trump holds significant lead in New Hampshire GOP primary, while Haley moves into second place | CNN Politics"
2023-11-16T03:21:40Z,CNN,Elon Musk agrees with X post that claims Jews ‘push hatred’ against White people | CNN Business
2023-11-15T21:55:09Z,CNN,Meta is now allowing lies about the 2020 election in political ads | CNN Business
2023-11-16T05:02:38Z,CNN,Israel-Hamas war rages as outcry grows over Gaza crisis
2023-11-17T05:01:40Z,CNN,Israel-Hamas war rages as outcry grows over Gaza crisis
2023-11-16T00:04:10Z,MSNBC,Biden is facing a massive wave of internal dissent over Israel policy
2023-11-16T20:17:34Z,CNN,Oil tumbles nearly 6% to four-month lows
2023-11-17T16:16:38Z,CNN,Thanksgiving gas prices set to be the cheapest since 2020
2023-11-17T10:49:02Z,CNN,"Biden signs stopgap spending bill, averting government shutdown"
2023-11-17T23:56:51Z,MSNBC,Why the U.S.-China summit could help Biden in 2024
2023-11-17T12:54:33Z,CNN,Homebuilder stocks could get another boost from rate hikes ending
2023-11-17T10:18:45Z,CNN,What pro-Palestinian and pro-Israeli supporters want you to know | CNN
2023-11-17T18:36:03Z,CNN,What we know about what Israel has found at Al-Shifa | CNN
2023-11-16T15:58:40Z,CNN,Arrest made in death of Jewish protester who fell and hit his head | CNN
2023-11-17T18:58:14Z,CNN,"Hamas has demanded Israel stop flying drones over Gaza in hostage negotiations, sources say | CNN Politics"
2023-11-17T22:15:16Z,CNN,Five countries ask International Criminal Court to investigate the situation in Palestinian territories | CNN
2023-11-17T14:58:22Z,CNN,"5 things to know for Nov. 17: Trump agenda, Israel, Safe schools, George Santos, Apple | CNN"
2023-11-16T04:26:39Z,CNN,Top House Democrats evacuated from DNC headquarters as police clash with protesters calling for Gaza ceasefire | CNN Politics
2023-11-16T13:31:42Z,CNN,"5 things to know for Nov. 16: Biden-Xi, Israel, Government shutdown, Immigration, SpaceX | CNN"
2023-11-16T23:26:30Z,CNN,Top Israeli official warns US schools will pay a ‘heavy price’ if they don’t fight antisemitism | CNN Business
2023-11-16T18:29:44Z,CNN,Some young Americans on TikTok say they sympathize with Osama bin Laden | CNN Business
2023-11-17T01:13:57Z,CNN,Department of Education opens investigations over alleged incidents of antisemitism and Islamophobia
2023-11-17T16:01:52Z,CNN,CNN Poll: New Hampshire Democrats see Biden as party’s best shot to hold White House | CNN Politics
2023-11-16T17:01:30Z,CNN,"CNN Poll: Trump holds significant lead in New Hampshire GOP primary, while Haley moves into second place | CNN Politics"
2023-11-17T04:16:29Z,CNN,Online hate watchdog moves to dismiss lawsuit from Elon Musk’s X | CNN Business
2023-11-16T03:21:40Z,CNN,Elon Musk agrees with X post that claims Jews ‘push hatred’ against White people | CNN Business
2023-11-18T05:02:22Z,CNN,Israel-Hamas war rages as outcry grows over Gaza crisis
2023-11-18T16:25:36Z,CNN,Hate crimes surge...
2023-11-17T05:01:40Z,CNN,Israel-Hamas war rages as outcry grows over Gaza crisis
2023-11-18T15:14:46Z,MSNBC,'All the Rivers' asks if love of country and love of each other can co-exist
2023-11-17T16:16:38Z,CNN,Thanksgiving gas prices set to be the cheapest since 2020
2023-11-17T10:49:02Z,CNN,"Biden signs stopgap spending bill, averting government shutdown"
2023-11-17T23:56:51Z,MSNBC,Why the U.S.-China summit could help Biden in 2024
2023-11-18T11:00:00Z,MSNBC,Why Elon Musk's antisemitism is a national security risk
2023-11-17T12:54:33Z,CNN,Homebuilder stocks could get another boost from rate hikes ending
2023-11-17T10:18:45Z,CNN,What pro-Palestinian and pro-Israeli supporters want you to know | CNN
2023-11-17T18:36:03Z,CNN,What we know about what Israel has found at Al-Shifa | CNN
2023-11-18T01:52:56Z,CNN,Israel investigates sexual violence committed by Hamas as part of October 7 horror | CNN
2023-11-18T19:54:21Z,CNN,"Israel’s Benjamin Netanyahu battles on all fronts, amid growing pressure to free hostages | CNN"
2023-11-17T18:58:14Z,CNN,"Hamas has demanded Israel stop flying drones over Gaza in hostage negotiations, sources say | CNN Politics"
2023-11-17T22:15:16Z,CNN,Five countries ask International Criminal Court to investigate the situation in Palestinian territories | CNN
2023-11-17T14:58:22Z,CNN,"5 things to know for Nov. 17: Trump agenda, Israel, Safe schools, George Santos, Apple | CNN"
2023-11-18T09:08:47Z,CNN,The Israel-Hamas war is driving a surge in US hate crimes. These Jewish Americans say it’s changing the way they live
2023-11-17T01:13:57Z,CNN,Department of Education opens investigations over alleged incidents of antisemitism and Islamophobia
2023-11-17T16:01:52Z,CNN,CNN Poll: New Hampshire Democrats see Biden as party’s best shot to hold White House | CNN Politics
2023-11-17T04:16:29Z,CNN,Online hate watchdog moves to dismiss lawsuit from Elon Musk’s X | CNN Business
2023-11-18T05:02:22Z,CNN,Israel-Hamas war rages as outcry grows over Gaza crisis
2023-11-19T05:03:52Z,CNN,Israel-Hamas war rages as outcry grows over Gaza crisis
2023-11-18T16:25:36Z,CNN,Hate crimes surge...
2023-11-18T15:14:46Z,MSNBC,'All the Rivers' asks if love of country and love of each other can co-exist
2023-11-18T11:00:00Z,MSNBC,Why Elon Musk's antisemitism is a national security risk
2023-11-19T15:00:03Z,CNN,CNN: FACING NEAR-HISTORIC DEFICIT...
2023-11-19T19:11:18Z,CNN,"Palestinian Americans in Paterson, New Jersey, experience survivor’s guilt as the Gaza death toll mounts"
2023-11-19T14:55:07Z,CNN,Negotiations to free hostages held by Hamas are closer than ‘perhaps any point’ White House official says | CNN Politics
2023-11-18T01:52:56Z,CNN,Israel investigates sexual violence committed by Hamas as part of October 7 horror | CNN
2023-11-18T19:54:21Z,CNN,"Israel’s Benjamin Netanyahu battles on all fronts, amid growing pressure to free hostages | CNN"
2023-11-19T22:17:20Z,CNN,"Hamas hostages release possible, pending deal by negotiators"
2023-11-18T09:08:47Z,CNN,The Israel-Hamas war is driving a surge in US hate crimes. These Jewish Americans say it’s changing the way they live
2023-11-19T17:01:42Z,CNN,"Start your week smart: Gaza hospital, Memphis shootings, SpaceX explosion, Colorado ballot, Rosalynn Carter | CNN"
2023-11-19T17:26:16Z,CNN,DeSantis refuses to condemn Elon Musk for endorsing antisemitic conspiracy theory | CNN Politics
2023-11-19T00:24:08Z,CNN,Video shows dozens of bodies after alleged attack at UN-run school in Gaza | CNN
2023-11-19T14:02:40Z,CNN,Trump heads to US-Mexico border as he escalates anti-immigrant rhetoric | CNN Politics
2023-11-19T15:16:15Z,CNN,Harris tells CNN that she and Biden will ‘have to earn our reelect’ as president struggles with younger and Black voters
2023-11-19T05:00:03Z,CNN,"As the war grinds on, Ukraine needs more troops. Not everyone is ready to enlist | CNN"
2023-11-19T20:21:19Z,CNN,"Rosalynn Carter death: former first lady and wife of Jimmy Carter, passes away at 96"
2023-11-19T05:03:52Z,CNN,Israel-Hamas war rages as outcry grows over Gaza crisis
2023-11-20T05:19:02Z,CNN,Israel-Hamas war rages as outcry grows over Gaza crisis
2023-11-19T15:00:03Z,CNN,CNN: FACING NEAR-HISTORIC DEFICIT...
2023-11-19T19:11:18Z,CNN,"Palestinian Americans in Paterson, New Jersey, experience survivor’s guilt as the Gaza death toll mounts"
2023-11-20T23:41:49Z,CNN,Polling shows a huge age gap divides the Democratic Party on Israel | CNN Politics
2023-11-19T14:55:07Z,CNN,Negotiations to free hostages held by Hamas are closer than ‘perhaps any point’ White House official says | CNN Politics
2023-11-19T22:17:20Z,CNN,"Hamas hostages release possible, pending deal by negotiators"
2023-11-20T03:16:54Z,CNN,Gaza tunnel: What CNN saw visiting the exposed shaft near Al-Shifa Hospital
2023-11-20T13:30:39Z,CNN,"5 things to know for Nov. 20: Israel, Campaign trail, Weather, Freeway fire, Microsoft | CNN"
2023-11-19T17:01:42Z,CNN,"Start your week smart: Gaza hospital, Memphis shootings, SpaceX explosion, Colorado ballot, Rosalynn Carter | CNN"
2023-11-19T17:26:16Z,CNN,DeSantis refuses to condemn Elon Musk for endorsing antisemitic conspiracy theory | CNN Politics
2023-11-19T00:24:08Z,CNN,Video shows dozens of bodies after alleged attack at UN-run school in Gaza | CNN
2023-11-19T14:02:40Z,CNN,Trump heads to US-Mexico border as he escalates anti-immigrant rhetoric | CNN Politics
2023-11-19T15:16:15Z,CNN,Harris tells CNN that she and Biden will ‘have to earn our reelect’ as president struggles with younger and Black voters
2023-11-20T10:02:35Z,CNN,"Biden’s birthday prompts debate about age, wisdom and the mature president | CNN Politics"
2023-11-19T05:00:03Z,CNN,"As the war grinds on, Ukraine needs more troops. Not everyone is ready to enlist | CNN"
2023-11-19T20:21:19Z,CNN,"Rosalynn Carter death: former first lady and wife of Jimmy Carter, passes away at 96"
2023-11-21T01:17:50Z,MSNBC,"As Gaza burns, the old Democratic playbook on Israel is becoming risky"
2023-11-21T05:05:04Z,CNN,Israel-Hamas war rages as humanitarian crisis spirals in Gaza
2023-11-20T05:19:02Z,CNN,Israel-Hamas war rages as outcry grows over Gaza crisis
2023-11-21T23:21:25Z,MSNBC,Gov. Pritzker: Republicans need to call out Trump’s dangerous rhetoric
2023-11-21T23:20:19Z,MSNBC,Anti-Defamation League’s leader has curious praise for Elon Musk
2023-11-20T23:41:49Z,CNN,Polling shows a huge age gap divides the Democratic Party on Israel | CNN Politics
2023-11-21T12:03:05Z,CNN,Hostage deal announcement between Israel and Hamas could come as soon as Tuesday | CNN
2023-11-20T03:16:54Z,CNN,Gaza tunnel: What CNN saw visiting the exposed shaft near Al-Shifa Hospital
2023-11-21T01:15:03Z,CNN,"Utah man charged with threatening pro-Palestinian group in Washington, DC | CNN Politics"
2023-11-20T13:30:39Z,CNN,"5 things to know for Nov. 20: Israel, Campaign trail, Weather, Freeway fire, Microsoft | CNN"
2023-11-21T13:13:32Z,CNN,"5 things to know for Nov. 21: Israel, AI, Seasonal viruses, Trump gag order, Gun violence"
2023-11-21T13:13:30Z,CNN,Fears grow in Congress over Ukraine and Israel aid amid dispute over immigration and spending cuts | CNN Politics
2023-11-21T16:34:27Z,CNN,"US fires on and kills hostile forces after attack in Iraq, US official says | CNN Politics"
2023-11-20T10:02:35Z,CNN,"Biden’s birthday prompts debate about age, wisdom and the mature president | CNN Politics"
2023-11-21T01:17:50Z,MSNBC,"As Gaza burns, the old Democratic playbook on Israel is becoming risky"
2023-11-21T05:05:04Z,CNN,Israel-Hamas war rages as humanitarian crisis spirals in Gaza
2023-11-22T05:09:24Z,CNN,Israel agrees hostage deal with Hamas
2023-11-22T01:53:40Z,MSNBC,Israel and Hamas reach an agreement on a hostage deal
2023-11-21T23:21:25Z,MSNBC,Gov. Pritzker: Republicans need to call out Trump’s dangerous rhetoric
2023-11-21T23:20:19Z,MSNBC,Anti-Defamation League’s leader has curious praise for Elon Musk
2023-11-21T12:03:05Z,CNN,Hostage deal announcement between Israel and Hamas could come as soon as Tuesday | CNN
2023-11-22T01:16:35Z,CNN,Israel approves hostage deal with Hamas | CNN
2023-11-22T02:45:05Z,CNN,"Inside the painstaking negotiations between Israel, Hamas, the US and Qatar to free 50 hostages | CNN Politics"
2023-11-22T11:45:00Z,CNN,"5 things to know for Nov. 22: Holiday travel, Israel, Artificial intelligence, Alaska landslide, Spy satellite"
2023-11-22T00:41:48Z,CNN,Susan Sarandon no longer represented by UTA after comments at pro-Palestinian rally
2023-11-21T01:15:03Z,CNN,"Utah man charged with threatening pro-Palestinian group in Washington, DC | CNN Politics"
2023-11-21T13:13:32Z,CNN,"5 things to know for Nov. 21: Israel, AI, Seasonal viruses, Trump gag order, Gun violence"
2023-11-21T13:13:30Z,CNN,Fears grow in Congress over Ukraine and Israel aid amid dispute over immigration and spending cuts | CNN Politics
2023-11-21T16:34:27Z,CNN,"US fires on and kills hostile forces after attack in Iraq, US official says | CNN Politics"
2023-11-22T21:45:50Z,CNN,EU stops advertising on X over hate speech. Fines could follow next year | CNN Business
2023-11-22T13:13:41Z,CNN,Stuart Seldowitz: Videos show former Obama administration official spewing Islamophobic language at food vendor
2023-11-22T16:08:13Z,CNN,OpenAI’s Cast of Characters
2023-11-22T05:09:24Z,CNN,Israel agrees hostage deal with Hamas
2023-11-23T05:06:10Z,CNN,Israel agrees to hostage deal with Hamas
2023-11-22T01:53:40Z,MSNBC,Israel and Hamas reach an agreement on a hostage deal
2023-11-23T11:00:00Z,MSNBC,How to talk to family at Thanksgiving about misinformation
2023-11-23T11:00:00Z,MSNBC,The appallingly ill-timed racism at the center of the final season of 'The Crown'
2023-11-23T01:54:07Z,CNN,"Hostage release won’t take place before Friday, Israel says | CNN"
2023-11-23T12:01:45Z,CNN,"Hebron, West Bank: Palestinians under curfew say they are being punished for things they did not do"
2023-11-22T01:16:35Z,CNN,Israel approves hostage deal with Hamas | CNN
2023-11-22T02:45:05Z,CNN,"Inside the painstaking negotiations between Israel, Hamas, the US and Qatar to free 50 hostages | CNN Politics"
2023-11-22T11:45:00Z,CNN,"5 things to know for Nov. 22: Holiday travel, Israel, Artificial intelligence, Alaska landslide, Spy satellite"
2023-11-22T00:41:48Z,CNN,Susan Sarandon no longer represented by UTA after comments at pro-Palestinian rally
2023-11-23T08:48:16Z,CNN,USS Thomas Hudner shoots down attack drones over the Red Sea
2023-11-22T21:45:50Z,CNN,EU stops advertising on X over hate speech. Fines could follow next year | CNN Business
2023-11-22T13:13:41Z,CNN,Stuart Seldowitz: Videos show former Obama administration official spewing Islamophobic language at food vendor
2023-11-23T14:56:20Z,CNN,Melissa Barrera speaks out after ‘Scream VII’ departure: ‘Silence is not an option’ | CNN
2023-11-23T10:17:07Z,CNN,Kentucky train derailment: Evacuations still underway as fire burns at site of derailment that spilled molten sulfur
2023-11-22T16:08:13Z,CNN,OpenAI’s Cast of Characters
2023-11-24T04:48:28Z,CNN,Israel-Hamas truce set to begin after deal to free hostages
2023-11-23T05:06:10Z,CNN,Israel agrees to hostage deal with Hamas
2023-11-24T11:00:00Z,MSNBC,What conservatives get wrong about anti-Israel campus protests
2023-11-23T11:00:00Z,MSNBC,How to talk to family at Thanksgiving about misinformation
2023-11-23T11:00:00Z,MSNBC,The appallingly ill-timed racism at the center of the final season of 'The Crown'
2023-11-24T15:03:31Z,CNN,First group of Israelis and Palestinians freed under breakthrough Israel-Hamas truce | CNN
2023-11-24T11:07:28Z,CNN,The three-year cruise is canceled
2023-11-24T15:26:22Z,CNN,"Macy’s Thanksgiving Day parade arrests: 34 people arrested after pro-Palestinian demonstrators interrupted parade, NYPD says"
2023-11-23T01:54:07Z,CNN,"Hostage release won’t take place before Friday, Israel says | CNN"
2023-11-23T12:01:45Z,CNN,"Hebron, West Bank: Palestinians under curfew say they are being punished for things they did not do"
2023-11-24T17:58:44Z,CNN,Who are the hostages released on Friday? | CNN
2023-11-23T08:48:16Z,CNN,USS Thomas Hudner shoots down attack drones over the Red Sea
2023-11-24T20:16:54Z,CNN,US forces came under attack 4 times in Iraq and Syria on Thanksgiving | CNN Politics
2023-11-23T14:56:20Z,CNN,Melissa Barrera speaks out after ‘Scream VII’ departure: ‘Silence is not an option’ | CNN
2023-11-23T10:17:07Z,CNN,Kentucky train derailment: Evacuations still underway as fire burns at site of derailment that spilled molten sulfur
2023-11-25T18:54:34Z,MSNBC,Hostages released by Hamas reunite with their families
2023-11-25T05:16:46Z,CNN,Israel-Hamas war: Initial group of 24 hostages released
2023-11-24T04:48:28Z,CNN,Israel-Hamas truce set to begin after deal to free hostages
2023-11-24T11:00:00Z,MSNBC,What conservatives get wrong about anti-Israel campus protests
2023-11-25T13:49:27Z,MSNBC,How feminists have failed Israeli victims of sexual violence
2023-11-24T15:03:31Z,CNN,First group of Israelis and Palestinians freed under breakthrough Israel-Hamas truce | CNN
2023-11-24T11:07:28Z,CNN,The three-year cruise is canceled
2023-11-24T15:26:22Z,CNN,"Macy’s Thanksgiving Day parade arrests: 34 people arrested after pro-Palestinian demonstrators interrupted parade, NYPD says"
2023-11-24T17:58:44Z,CNN,Who are the hostages released on Friday? | CNN
2023-11-24T20:16:54Z,CNN,US forces came under attack 4 times in Iraq and Syria on Thanksgiving | CNN Politics
2023-11-25T18:54:34Z,MSNBC,Hostages released by Hamas reunite with their families
2023-11-26T05:00:40Z,CNN,Hamas frees more hostages during truce with Israel
2023-11-25T05:16:46Z,CNN,Israel-Hamas war: Initial group of 24 hostages released
2023-11-25T13:49:27Z,MSNBC,How feminists have failed Israeli victims of sexual violence
2023-11-26T21:39:04Z,CNN,Today's news in 10 minutes
2023-11-26T00:36:26Z,CNN,Rocky hostage release underscores fragility of deal between Israel and Hamas | CNN
2023-11-26T09:42:08Z,CNN,Israel’s farms need foreign labourers. The Hamas attacks triggered an exodus | CNN
2023-11-26T16:08:03Z,CNN,Biden administration has ‘reason to believe’ an American hostage will be released by Hamas | CNN Politics
2023-11-26T18:10:56Z,CNN,"Israeli president talks hostages, truces and criticizes Irish PM’s tweet in CNN interview | CNN"
2023-11-26T17:30:39Z,CNN,3 Palestinian college students shot in Vermont
2023-11-26T15:00:30Z,CNN,‘Renaissance: A Film by Beyoncé:’ Everything you need to know
2023-11-26T16:31:35Z,CNN,"Start your week smart: Hostages released, drone attacks in Russia, Derek Chauvin, Oscar Pistorius, holiday shopping | CNN"
2023-11-26T05:00:40Z,CNN,Hamas frees more hostages during truce with Israel
2023-11-27T05:05:44Z,CNN,Hamas-Israel truce enters fourth day as aid reaches Gaza
2023-11-26T21:39:04Z,CNN,Today's news in 10 minutes
2023-11-26T00:36:26Z,CNN,Rocky hostage release underscores fragility of deal between Israel and Hamas | CNN
2023-11-27T00:35:12Z,CNN,Truce gives Gazans moment to breathe – and reveals scale of devastation | CNN
2023-11-26T09:42:08Z,CNN,Israel’s farms need foreign labourers. The Hamas attacks triggered an exodus | CNN
2023-11-27T16:39:59Z,CNN,"Deal reached to extend Israel-Hamas truce by two days, Qatar says | CNN"
2023-11-26T16:08:03Z,CNN,Biden administration has ‘reason to believe’ an American hostage will be released by Hamas | CNN Politics
2023-11-26T18:10:56Z,CNN,"Israeli president talks hostages, truces and criticizes Irish PM’s tweet in CNN interview | CNN"
2023-11-26T17:30:39Z,CNN,3 Palestinian college students shot in Vermont
2023-11-27T12:57:40Z,CNN,"5 things to know for Nov. 27: Israel, Vermont shootings, Ukraine, Missing flight MH370, Honda recall | CNN"
2023-11-27T00:04:17Z,CNN,Schumer aiming to bring bill tying Israel and Ukraine funding to Senate floor next week | CNN Politics
2023-11-27T08:26:27Z,CNN,Elon Musk will meet with Israel’s president amid criticism over antisemitic post | CNN Business
2023-11-26T15:00:30Z,CNN,‘Renaissance: A Film by Beyoncé:’ Everything you need to know
2023-11-27T05:27:07Z,CNN,"Suspect arrested in shooting of 3 Palestinian college students in Vermont, police say | CNN"
2023-11-26T16:31:35Z,CNN,"Start your week smart: Hostages released, drone attacks in Russia, Derek Chauvin, Oscar Pistorius, holiday shopping | CNN"
2023-11-27T12:57:44Z,CNN,Republican primary stakes sharpen as candidates begin mad dash to Iowa | CNN Politics
2023-11-27T23:37:31Z,CNN,Biden expected to miss global climate summit opening as young voters question his progress on climate change | CNN Politics
2023-11-27T05:05:44Z,CNN,Hamas-Israel truce enters fourth day as aid reaches Gaza
2023-11-28T11:00:31Z,CNN,Students are lawyering up in the wake of the Israel-Hamas war
2023-11-28T05:02:48Z,CNN,Israel-Hamas truce enters fifth day after extension agreement
2023-11-28T19:43:23Z,MSNBC,Families of Palestinian students who were shot thought they’d be safer in the U.S.
2023-11-28T21:08:14Z,MSNBC,I’m an oncologist. Gaza’s heroic doctors leave me in awe.
2023-11-28T23:54:30Z,MSNBC,Why Yeezys remain popular despite Ye's disturbing behavior
2023-11-27T00:35:12Z,CNN,Truce gives Gazans moment to breathe – and reveals scale of devastation | CNN
2023-11-27T16:39:59Z,CNN,"Deal reached to extend Israel-Hamas truce by two days, Qatar says | CNN"
2023-11-28T21:01:52Z,CNN,The Palestinian keffiyeh explained: How this scarf became a national symbol | CNN
2023-11-28T05:22:29Z,CNN,"Noam and Alma Or: Teenage Israeli siblings freed from Hamas captivity, only to learn their mother had been murdered"
2023-11-28T11:36:31Z,CNN,CIA director returns to Qatar for hostage talks with Israeli and Egyptian counterparts | CNN Politics
2023-11-28T11:31:29Z,CNN,"5 things to know for Nov. 28: Israel, Rosalynn Carter, Climate, Tunnel collapse, Google | CNN"
2023-11-28T12:24:40Z,CNN,Emily Hand: Father describes how his young daughter survived Hamas captivity
2023-11-28T19:21:29Z,CNN,"Released hostages, detainees may face severe psychological effects, experts say | CNN"
2023-11-27T12:57:40Z,CNN,"5 things to know for Nov. 27: Israel, Vermont shootings, Ukraine, Missing flight MH370, Honda recall | CNN"
2023-11-27T00:04:17Z,CNN,Schumer aiming to bring bill tying Israel and Ukraine funding to Senate floor next week | CNN Politics
2023-11-27T08:26:27Z,CNN,Elon Musk will meet with Israel’s president amid criticism over antisemitic post | CNN Business
2023-11-28T19:48:45Z,CNN,"Harvard, Penn and MIT presidents to testify before Congress on antisemitism | CNN Business"
2023-11-28T11:00:30Z,CNN,Elon Musk’s quest in foreign affairs plagued by his own online behavior
2023-11-27T05:27:07Z,CNN,"Suspect arrested in shooting of 3 Palestinian college students in Vermont, police say | CNN"
2023-11-27T12:57:44Z,CNN,Republican primary stakes sharpen as candidates begin mad dash to Iowa | CNN Politics
2023-11-27T23:37:31Z,CNN,Biden expected to miss global climate summit opening as young voters question his progress on climate change | CNN Politics
2023-11-28T15:12:28Z,CNN,"Burlington, Vermont, shooting: 1 of 3 Palestinian students shot might never walk again after bullet hit spine, mom says"
2023-11-28T20:37:04Z,CNN,Senators struggle in border talks to find middle ground on parole while making progress on asylum | CNN Politics
2023-11-28T11:00:31Z,CNN,Students are lawyering up in the wake of the Israel-Hamas war
2023-11-28T05:02:48Z,CNN,Israel-Hamas truce enters fifth day after extension agreement
2023-11-29T05:00:24Z,CNN,Israel-Hamas truce enters sixth day
2023-11-28T19:43:23Z,MSNBC,Families of Palestinian students who were shot thought they’d be safer in the U.S.
2023-11-28T21:08:14Z,MSNBC,I’m an oncologist. Gaza’s heroic doctors leave me in awe.
2023-11-29T23:26:52Z,CNN,"As a Jewish person, do you plan to put your menorah in a window this Hanukkah?"
2023-11-28T23:54:30Z,MSNBC,Why Yeezys remain popular despite Ye's disturbing behavior
2023-11-28T21:01:52Z,CNN,The Palestinian keffiyeh explained: How this scarf became a national symbol | CNN
2023-11-28T05:22:29Z,CNN,"Noam and Alma Or: Teenage Israeli siblings freed from Hamas captivity, only to learn their mother had been murdered"
2023-11-29T07:26:25Z,CNN,Palestinian man returns to destroyed Gaza home where his grandchildren died
2023-11-28T11:36:31Z,CNN,CIA director returns to Qatar for hostage talks with Israeli and Egyptian counterparts | CNN Politics
2023-11-28T11:31:29Z,CNN,"5 things to know for Nov. 28: Israel, Rosalynn Carter, Climate, Tunnel collapse, Google | CNN"
2023-11-28T12:24:40Z,CNN,Emily Hand: Father describes how his young daughter survived Hamas captivity
2023-11-28T19:21:29Z,CNN,"Released hostages, detainees may face severe psychological effects, experts say | CNN"
2023-11-29T12:48:39Z,CNN,"5 things to know for Nov. 29: Israel, Presidential race, Gas prices, Fruit recall, France smoking ban | CNN"
2023-11-28T19:48:45Z,CNN,"Harvard, Penn and MIT presidents to testify before Congress on antisemitism | CNN Business"
2023-11-28T11:00:30Z,CNN,Elon Musk’s quest in foreign affairs plagued by his own online behavior
2023-11-29T10:16:50Z,CNN,"Biden to take on Boebert, House GOP’s economic vision in Colorado remarks | CNN Politics"
2023-11-29T12:47:01Z,CNN,"After year of ‘fixing things,’ Bob Iger tells Disney employees his plans to reshape the company for the future"
2023-11-28T15:12:28Z,CNN,"Burlington, Vermont, shooting: 1 of 3 Palestinian students shot might never walk again after bullet hit spine, mom says"
2023-11-29T12:00:30Z,CNN,What is a hate crime?: Officials investigate if suspect who shot 3 Palestinian students can be charged with a hate crime
2023-11-28T20:37:04Z,CNN,Senators struggle in border talks to find middle ground on parole while making progress on asylum | CNN Politics
2023-11-29T05:00:24Z,CNN,Israel-Hamas truce enters sixth day
2023-11-30T05:09:33Z,CNN,Israel-Hamas truce extended to a seventh day
2023-11-29T23:26:52Z,CNN,"As a Jewish person, do you plan to put your menorah in a window this Hanukkah?"
2023-11-30T21:37:10Z,CNN,Today's news in 10 minutes
2023-11-30T18:05:17Z,MSNBC,Why Elon Musk’s ‘f--- you’ Dealbook moment wasn’t the worst part of the interview
2023-11-29T07:26:25Z,CNN,Palestinian man returns to destroyed Gaza home where his grandchildren died
2023-11-30T14:03:11Z,CNN,Hamas says its fighters killed three people at Jerusalem bus stop | CNN
2023-11-29T12:48:39Z,CNN,"5 things to know for Nov. 29: Israel, Presidential race, Gas prices, Fruit recall, France smoking ban | CNN"
2023-11-30T13:20:14Z,CNN,"5 things to know for Nov. 30: Israel, Kissinger, Jerusalem shooting, Immigration, Covid-19 | CNN"
2023-11-30T07:11:38Z,CNN,Palestinian student shot in Vermont shares how his EMT training helped in a moment of crisis | CNN
2023-11-30T02:33:35Z,CNN,The world’s most expensive cities in which to live in 2023
2023-11-29T10:16:50Z,CNN,"Biden to take on Boebert, House GOP’s economic vision in Colorado remarks | CNN Politics"
2023-11-29T12:47:01Z,CNN,"After year of ‘fixing things,’ Bob Iger tells Disney employees his plans to reshape the company for the future"
2023-11-29T12:00:30Z,CNN,What is a hate crime?: Officials investigate if suspect who shot 3 Palestinian students can be charged with a hate crime
2023-11-30T05:09:33Z,CNN,Israel-Hamas truce extended to a seventh day
2023-12-01T05:05:44Z,CNN,Israel-Hamas truce appears to have expired after 7 days
2023-11-30T21:37:10Z,CNN,Today's news in 10 minutes
2023-11-30T18:05:17Z,MSNBC,Why Elon Musk’s ‘f--- you’ Dealbook moment wasn’t the worst part of the interview
2023-12-01T05:58:40Z,CNN,Fresh fighting erupts as Israel resumes Gaza combat operations following hostage truce collapse | CNN
2023-11-30T14:03:11Z,CNN,Hamas says its fighters killed three people at Jerusalem bus stop | CNN
2023-12-01T05:05:30Z,CNN,‘We owe it to them’: Families of Israelis killed in war find new hope through sperm extraction | CNN
2023-12-01T10:47:28Z,CNN,"Little food, a beating and lice: What freed Israeli hostages are saying about being held by Hamas | CNN"
2023-11-30T13:20:14Z,CNN,"5 things to know for Nov. 30: Israel, Kissinger, Jerusalem shooting, Immigration, Covid-19 | CNN"
2023-11-30T07:11:38Z,CNN,Palestinian student shot in Vermont shares how his EMT training helped in a moment of crisis | CNN
2023-11-30T02:33:35Z,CNN,The world’s most expensive cities in which to live in 2023
2023-12-01T22:17:36Z,CNN,"Walmart is the latest advertiser to pull ads from X, following Elon Musk comments | CNN Business"
2023-12-01T12:15:13Z,CNN,Trump’s avalanche of dishonesty: Fact-checking 102 of his false claims from this fall | CNN Politics
